{
    "loss": 26.042816162109375,
    "accuracy": 0.4313725531101227
}