{
    "loss": 26.98192596435547,
    "accuracy": 0.5686274766921997
}