{
    "loss": 6.72216272354126,
    "accuracy": 0.4313725531101227
}